Time,Progress %,Revisit %
1.000748271,1.0,0.0
1.32874649,2.0,0.0
1.651093239,2.0,0.0
1.995686761,3.0,0.0
2.325461693,3.0,0.0
2.786833334,3.0,0.0
3.089526405,3.0,4.285714285714286
3.404551185,3.0,16.25
3.77547038,3.0,25.555555555555554
4.166837398,4.0,24.0
4.490512329,4.0,21.818181818181817
4.810016279,4.0,20.0
5.185886759,4.0,21.53846153846154
5.521124314,4.0,27.142857142857142
5.853055922,5.0,29.333333333333332
6.21731163,6.0,27.500000000000004
6.553597648,7.000000000000001,25.882352941176475
6.903716611,7.000000000000001,24.444444444444443
7.236449166,8.0,23.157894736842106
7.574033265,8.0,22.0
7.866771803,9.0,20.952380952380953
8.198832009,10.0,20.0
8.562271931,10.0,19.130434782608695
8.916877053,10.0,18.333333333333332
9.235273601,12.0,17.599999999999998
9.590728307,12.0,18.461538461538463
9.922044208,12.0,17.77777777777778
10.251920777,12.0,17.142857142857142
10.58713078,12.0,16.551724137931036
10.946045618,13.0,16.0
11.261105173,13.0,15.483870967741936
11.630068745,14.000000000000002,15.0
11.987035234,15.0,14.545454545454545
12.331151808,16.0,14.117647058823529
12.635216182,16.0,13.714285714285715
12.963449617,17.0,13.333333333333334
13.287988767,17.0,12.972972972972974
13.650111093,18.0,12.631578947368421
13.996790239,18.0,12.307692307692308
14.31976385,20.0,12.0
14.642296533,20.0,11.707317073170733
14.977086535,20.0,11.428571428571429
15.343607575,21.0,11.162790697674419
15.703908999,22.0,10.909090909090908
16.048320379,22.0,10.666666666666668
16.378018302,22.0,10.434782608695652
16.718689087,23.0,10.212765957446807
17.120916312,23.0,10.0
17.461696709,23.0,9.795918367346939
17.801087833,24.0,9.6
18.163942702,24.0,9.411764705882353
18.498651901,25.0,9.230769230769232
18.834905969,25.0,9.056603773584905
19.183485211,27.0,8.88888888888889
19.501882279,27.0,8.727272727272728
19.828660071,27.0,10.178571428571429
20.183155382,27.0,11.75438596491228
20.594201128,27.0,13.275862068965516
20.9288633,27.0,14.745762711864408
21.253211614,27.0,16.166666666666664
21.572963215,27.0,17.54098360655738
21.903274467,27.0,18.870967741935484
22.230292669,27.0,20.158730158730158
22.55496681,27.0,21.40625
22.887516387,27.0,22.615384615384613
23.224390603,27.0,23.78787878787879
23.57827185,27.0,24.925373134328357
23.94061682,27.0,26.029411764705884
24.284070377,27.0,27.10144927536232
24.652671842,28.000000000000004,28.000000000000004
24.985053229,28.000000000000004,29.014084507042252
25.330562597,28.000000000000004,30.0
25.674588498,28.000000000000004,30.958904109589042
25.997264986,28.000000000000004,31.891891891891895
26.357673442,28.000000000000004,32.800000000000004
26.708632723,28.000000000000004,33.68421052631579
27.047295317,28.000000000000004,34.54545454545455
27.391381388,28.000000000000004,35.38461538461539
27.743870622,28.000000000000004,36.20253164556962
28.096398628,28.000000000000004,37.0
28.443369269,28.000000000000004,37.77777777777778
28.756833474,28.000000000000004,38.53658536585366
29.087022149,28.000000000000004,39.277108433734945
29.435313163,28.000000000000004,40.0
29.735419902,28.999999999999996,40.23529411764706
30.063116934,28.999999999999996,39.76744186046511
30.415395179,28.999999999999996,39.770114942528735
30.738743385,30.0,40.0
31.095066107,30.0,39.8876404494382
31.404255982,30.0,40.55555555555556
31.764066584,31.0,40.879120879120876
32.087450263,31.0,40.43478260869565
32.416588052,32.0,40.0
32.734610042,33.0,39.57446808510638
33.059380337,34.0,39.1578947368421
33.394957097,34.0,38.75
33.718873108,36.0,38.35051546391753
34.046459382,36.0,37.95918367346939
34.372528702,36.0,37.57575757575757
34.725593693,36.0,37.2
35.06439461,36.0,36.83168316831683
35.415753876,37.0,36.470588235294116
35.779863622,37.0,36.116504854368934
36.135845211,37.0,36.34615384615385
36.477373878,37.0,36.952380952380956
36.81686572,38.0,36.9811320754717
37.164863646,38.0,36.63551401869159
37.483660232,39.0,36.2962962962963
37.801760413,40.0,35.96330275229358
38.125208039,41.0,35.63636363636364
38.482496148,42.0,35.31531531531532
38.806722139,42.0,35.0
39.145993194,42.0,34.690265486725664
39.465496097,43.0,34.385964912280706
39.800394322,44.0,34.08695652173913
40.143309882,44.0,33.793103448275865
40.478331564,44.0,33.5042735042735
40.829927902,44.0,33.220338983050844
41.182870711,44.0,32.94117647058823
41.563912442,44.0,32.666666666666664
41.925436924,44.0,32.396694214876035
42.242888866,45.0,32.295081967213115
42.571412061,45.0,32.03252032520325
42.90752332,45.0,31.774193548387096
43.21945314,45.0,31.52
43.55754709,45.0,32.06349206349206
43.877264484,45.0,32.59842519685039
44.238069414,45.0,33.125
44.565133495,45.0,33.64341085271318
44.920771228,46.0,34.07692307692308
45.273160255,46.0,33.81679389312977
45.657271659,48.0,33.56060606060606
45.993225604,48.0,33.308270676691734
46.314819261,48.0,33.059701492537314
46.619833155,48.0,33.55555555555556
46.978369566,48.0,34.044117647058826
47.303295494,49.0,33.7956204379562
47.630900304,49.0,33.98550724637681
47.959993918,49.0,34.46043165467626
48.303557877,49.0,34.92857142857143
48.655668006,50.0,34.751773049645394
48.987381755,50.0,34.50704225352113
49.3311735,50.0,34.26573426573427
49.682685127,50.0,34.02777777777778
50.05458388,51.0,33.793103448275865
50.39883358,51.0,33.56164383561644
50.734911265,51.0,33.33333333333333
51.074576724,51.0,33.108108108108105
51.415888095,51.0,33.02013422818792
51.744752352,51.0,33.46666666666667
52.089999537,51.0,33.90728476821192
52.42242577,51.0,34.3421052631579
52.763888906,51.0,34.77124183006536
53.120421572,51.0,35.1948051948052
53.438127134,51.0,35.612903225806456
53.803344604,51.0,36.02564102564102
54.146348838,51.0,36.43312101910828
54.482528191,51.0,36.835443037974684
54.850755661,51.0,37.23270440251572
55.180945497,51.0,37.625
55.50290198,51.0,38.01242236024845
55.823528627,51.0,38.39506172839506
56.169891795,51.0,38.77300613496932
56.508234583,51.0,39.146341463414636
56.856652022,51.0,39.515151515151516
57.2218471,51.0,39.87951807228916
57.590291536,51.0,40.23952095808383
57.929173575,51.0,40.0
58.250220478,51.0,39.76331360946745
58.618908091,51.0,39.52941176470588
58.966583631,51.0,39.64912280701755
59.307434412,51.0,40.0
59.65591028,51.0,40.346820809248555
60.00304453,51.0,40.689655172413794
60.366151498,52.0,40.74285714285714
60.742695089,53.0,40.51136363636363
61.090576281,54.0,40.282485875706215
61.454023874,54.0,40.056179775280896
61.790870851,55.00000000000001,39.832402234636874
62.135540126,56.00000000000001,39.611111111111114
62.487273107,56.99999999999999,39.39226519337017
62.835314108,56.99999999999999,39.175824175824175
63.182799846,57.99999999999999,38.961748633879786
63.530697973,59.0,38.75
63.915052053,59.0,39.08108108108108
64.265330926,59.0,39.40860215053764
64.601059019,59.0,39.73262032085562
64.943442743,60.0,39.9468085106383
65.275602844,60.0,39.735449735449734
65.614817907,60.0,39.526315789473685
65.974705641,61.0,39.52879581151832
66.336336528,61.0,39.84375
66.709898867,61.0,40.15544041450777
67.049434972,61.0,40.4639175257732
67.369518774,62.0,40.30769230769231
67.693093623,62.0,40.51020408163265
68.045170732,62.0,40.81218274111676
68.343989796,62.0,41.11111111111111
68.662006357,62.0,41.4070351758794
68.999309048,62.0,41.699999999999996
69.286735304,62.0,41.99004975124378
69.646046522,62.0,42.277227722772274
70.002913397,62.0,42.5615763546798
70.310775574,63.0,42.5
70.656542412,63.0,42.53658536585366
70.998573763,63.0,42.81553398058253
71.324852175,63.0,43.091787439613526
71.663652964,63.0,43.36538461538461
72.02430521,63.0,43.63636363636363
72.358838492,63.0,43.904761904761905
72.739106968,63.0,44.170616113744074
73.039065099,63.0,44.43396226415094
73.373594348,63.0,44.69483568075117
73.748022007,63.0,44.953271028037385
74.075632727,63.0,44.83720930232558
74.411173325,63.0,44.675925925925924
74.724148302,63.0,44.93087557603687
75.078564771,63.0,45.18348623853211
75.389838815,63.0,45.4337899543379
75.717149631,64.0,45.36363636363636
76.055334542,64.0,45.158371040723985
76.383305138,64.0,45.40540540540541
76.704398633,65.0,45.56053811659193
77.030856299,65.0,45.357142857142854
77.380136915,66.0,45.15555555555555
77.720148433,66.0,44.955752212389385
78.075504868,66.0,44.757709251101325
78.451441985,66.0,44.56140350877193
78.818192665,66.0,44.366812227074234
79.119376927,67.0,44.173913043478265
79.465828311,67.0,43.98268398268399
79.809327464,67.0,43.87931034482759
80.131026964,67.0,44.12017167381974
80.461118856,67.0,44.35897435897436
80.820724887,67.0,44.59574468085106
81.138764313,67.0,44.83050847457627
81.487606538,67.0,45.063291139240505
81.826509979,67.0,45.294117647058826
82.172923969,67.0,45.52301255230125
82.506362442,67.0,45.75
82.891505655,67.0,45.975103734439834
83.204360919,68.0,45.950413223140494
83.503638157,68.0,45.76131687242798
83.854924867,68.0,45.942622950819676
84.164099816,68.0,46.16326530612245
84.499450419,68.0,46.38211382113821
84.849413027,68.0,46.59919028340081
85.190818011,68.0,46.814516129032256
85.54307304,68.0,47.028112449799195
85.887226951,68.0,47.24
86.224659041,68.0,47.450199203187246
86.571215028,68.0,47.65873015873016
86.961306479,68.0,47.865612648221344
87.292366889,68.0,48.07086614173228
87.627685291,68.0,48.27450980392157
87.9776067,68.0,48.4765625
88.299269508,68.0,48.67704280155642
88.643262086,68.0,48.87596899224806
88.995719623,68.0,49.07335907335907
89.311504206,68.0,49.269230769230774
89.639165705,68.0,49.46360153256705
90.007839529,68.0,49.656488549618324
90.385643281,68.0,49.847908745247146
90.717269542,68.0,50.03787878787879
91.061557626,68.0,50.22641509433963
91.411554693,68.0,50.41353383458647
91.76874067,68.0,50.59925093632959
92.104762186,68.0,50.78358208955224
92.442699994,68.0,50.966542750929364
92.782998856,68.0,51.14814814814815
93.1255515,68.0,51.32841328413284
93.502185306,68.0,51.507352941176464
93.863230451,68.0,51.68498168498169
94.158860775,68.0,51.86131386861314
94.493975302,68.0,52.03636363636364
94.837890912,68.0,52.21014492753623
95.190749011,68.0,52.3826714801444
95.523177931,68.0,52.55395683453238
95.872671369,68.0,52.724014336917556
96.221871223,68.0,52.89285714285714
96.580706264,68.0,53.060498220640575
96.973893591,68.0,53.226950354609926
97.316184944,68.0,53.3922261484099
97.627420491,68.0,53.556338028169016
97.967514437,68.0,53.719298245614034
98.304553395,68.0,53.88111888111888
98.610051546,68.0,54.04181184668989
98.982109048,68.0,54.20138888888889
99.320537055,68.0,54.359861591695505
99.652700185,69.0,54.44827586206896
100.00553933,69.0,54.46735395189003
100.334507195,69.0,54.62328767123288
100.708005376,69.0,54.778156996587036
101.096798226,70.0,54.79591836734694
101.468706441,71.0,54.610169491525426
101.784793762,72.0,54.42567567567568
102.12075781,72.0,54.24242424242425
102.468094898,72.0,54.26174496644295
102.778039424,72.0,54.414715719063544
103.115553235,72.0,54.56666666666666
103.460550708,72.0,54.71760797342192
103.770897586,72.0,54.86754966887417
104.14363001,73.0,54.75247524752476
104.477147034,74.0,54.638157894736835
104.842832495,74.0,54.78688524590164
105.182504568,74.0,54.934640522875824
105.517270535,74.0,55.081433224755706
105.859382399,74.0,55.064935064935064
106.192063208,74.0,55.11326860841423
106.526625237,74.0,55.16129032258065
106.853155384,74.0,55.20900321543408
107.181699279,74.0,55.3525641025641
107.489767297,74.0,55.49520766773163
107.838445664,74.0,55.63694267515924
108.166181285,74.0,55.77777777777778
108.505144284,74.0,55.91772151898734
108.885988618,76.0,55.89905362776025
109.217501418,76.0,55.72327044025157
109.537359172,77.0,55.54858934169279
109.907328422,77.0,55.375
110.267887249,77.0,55.202492211838006
110.610348932,77.0,55.21739130434783
110.982941324,77.0,55.356037151702786
111.312673611,78.0,55.27777777777778
111.647430302,78.0,55.10769230769231
112.011485666,78.0,54.93865030674847
112.340337313,78.0,54.954128440366965
112.672558492,78.0,55.09146341463415
112.988234787,78.0,55.22796352583587
113.354262112,78.0,55.36363636363636
113.702954532,78.0,55.49848942598188
114.003188843,78.0,55.632530120481924
114.342964766,78.0,55.765765765765764
114.657601073,78.0,55.89820359281437
115.017203721,78.0,56.029850746268664
115.334851624,79.0,56.101190476190474
115.668713124,79.0,56.23145400593472
115.982050621,79.0,56.36094674556213
116.302824047,79.0,56.48967551622419
116.627692239,80.0,56.58823529411765
116.978792828,80.0,56.71554252199413
117.299228976,80.0,56.84210526315789
117.620867595,80.0,56.96793002915452
117.973518768,80.0,57.09302325581396
118.295275012,80.0,57.21739130434783
118.612837152,80.0,57.34104046242775
118.968983584,80.0,57.46397694524495
119.291385103,80.0,57.58620689655173
119.62472819,80.0,57.70773638968482
119.991231656,80.0,57.82857142857143
120.33990925,80.0,57.948717948717956
120.767451708,80.0,58.06818181818182
121.202082745,80.0,58.18696883852691
122.003028395,80.0,58.30508474576271
122.270089482,80.0,58.4225352112676
122.595439153,80.0,58.539325842696634
122.916536921,80.0,58.655462184873954
123.213262736,80.0,58.770949720670394
123.575216888,80.0,58.8857938718663
123.919524738,80.0,59.0
124.173984184,80.0,59.11357340720221
124.50188328,80.0,59.22651933701657
124.82635122,80.0,59.33884297520661
125.152299839,81.0,59.31318681318681
125.471070855,81.0,59.150684931506845
125.793895812,82.0,59.04371584699454
126.115649599,82.0,58.88283378746594
126.438877457,83.0,58.72282608695652
126.762025437,83.0,58.61788617886179
127.090656788,83.0,58.729729729729726
127.407324193,84.0,58.706199460916444
127.732554846,84.0,58.54838709677419
128.068573402,84.0,58.391420911528144
128.3985441,84.0,58.235294117647065
128.717305054,85.0,58.08
129.024333555,86.0,57.92553191489361
129.349160589,86.0,57.77188328912467
129.693861833,86.0,57.77777777777777
130.012227286,87.0,57.75725593667546
130.317937198,87.0,57.60526315789474
130.64340316,87.0,57.45406824146981
130.972101995,87.0,57.56544502617801
131.284254574,87.0,57.67624020887728
131.605457916,87.0,57.786458333333336
131.933611987,87.0,57.8961038961039
132.261222062,87.0,58.005181347150256
132.588526944,87.0,58.11369509043928
132.914490014,87.0,58.22164948453609
133.23819556,87.0,58.32904884318766
133.564199517,87.0,58.43589743589743
133.90794272,87.0,58.54219948849105
134.224620581,87.0,58.64795918367347
134.551023798,87.0,58.75318066157761
134.86948136,87.0,58.85786802030457
135.198319078,87.0,58.962025316455694
135.518500638,87.0,59.06565656565657
135.843447356,87.0,59.168765743073045
136.166564119,87.0,59.27135678391959
136.520182465,87.0,59.3734335839599
136.836145765,87.0,59.475
137.160406419,87.0,59.576059850374065
137.505241897,87.0,59.67661691542288
137.836571736,87.0,59.776674937965254
138.169896656,87.0,59.87623762376237
138.487197288,87.0,59.97530864197531
138.800749883,87.0,60.07389162561576
139.156068877,87.0,60.171990171990174
139.46689323,87.0,60.26960784313725
139.796228608,87.0,60.366748166259164
140.118781368,87.0,60.46341463414634
140.447261449,87.0,60.559610705596114
140.768590339,87.0,60.65533980582525
141.08874843,87.0,60.75060532687652
141.413229017,87.0,60.84541062801932
141.737081196,87.0,60.93975903614458
142.055234686,87.0,61.03365384615385
142.386914375,87.0,61.12709832134292
142.713692302,88.0,61.004784688995215
143.042859181,89.0,60.859188544152744
143.363084641,89.0,60.71428571428571
143.687770898,89.0,60.64133016627078
144.006681173,89.0,60.73459715639811
144.335353947,89.0,60.82742316784871
144.660946862,89.0,60.91981132075471
144.982757851,89.0,61.01176470588236
145.307629499,89.0,61.10328638497653
145.621027615,89.0,61.1943793911007
145.963434637,89.0,61.285046728971956
146.287139153,89.0,61.375291375291376
146.607008133,89.0,61.46511627906976
146.938591194,89.0,61.55452436194896
147.255196819,89.0,61.64351851851851
147.582939383,89.0,61.73210161662818
147.899885784,89.0,61.82027649769585
148.222518049,89.0,61.9080459770115
148.547129688,89.0,61.9954128440367
148.871903299,89.0,62.08237986270023
149.195114283,89.0,62.1689497716895
149.522302492,89.0,62.25512528473804
149.845024983,89.0,62.34090909090909
150.164192751,89.0,62.426303854875286
150.503373144,89.0,62.51131221719457
150.826862829,89.0,62.5959367945824
151.153438434,89.0,62.68018018018018
151.474243803,89.0,62.76404494382023
151.795550301,89.0,62.847533632287
152.123696877,89.0,62.93064876957495
152.45570912,89.0,63.01339285714286
152.766586417,89.0,63.095768374164805
153.090798137,89.0,63.17777777777778
153.417641113,89.0,63.25942350332594
153.737673137,89.0,63.34070796460177
154.061241441,89.0,63.42163355408389
154.387567712,89.0,63.5022026431718
154.704428353,89.0,63.582417582417584
155.046363995,89.0,63.66228070175438
155.370933847,89.0,63.7417943107221
155.696686758,89.0,63.82096069868995
156.018181159,89.0,63.89978213507626
156.342716629,89.0,63.97826086956522
156.66816068,89.0,64.05639913232105
156.994829779,89.0,64.13419913419914
157.320403025,89.0,64.21166306695464
157.637382578,89.0,64.28879310344827
157.962163821,89.0,64.36559139784947
158.287251047,89.0,64.4420600858369
158.602940128,89.0,64.51820128479658
158.930365928,89.0,64.5940170940171
159.252743649,89.0,64.66950959488274
159.574183289,89.0,64.74468085106383
159.895665725,89.0,64.81953290870489
160.220219982,89.0,64.89406779661017
160.543771469,89.0,64.96828752642706
160.858340475,89.0,65.042194092827
161.180418159,89.0,65.11578947368422
161.503554573,89.0,65.1890756302521
161.830721412,89.0,65.26205450733752
162.154072846,89.0,65.3347280334728
162.475893739,89.0,65.4070981210856
162.799296735,89.0,65.47916666666667
163.127285087,89.0,65.55093555093555
163.446683622,89.0,65.62240663900415
163.776742346,89.0,65.6935817805383
164.098930071,89.0,65.76446280991736
164.424086023,89.0,65.83505154639175
164.746704811,89.0,65.90534979423869
165.076097617,89.0,65.97535934291581
165.393387044,89.0,66.04508196721312
165.712558498,89.0,66.11451942740287
166.047455336,89.0,66.18367346938776
166.37286968,89.0,66.25254582484726
166.70130456,89.0,66.32113821138212
167.028129227,89.0,66.3894523326572
167.358186141,89.0,66.4574898785425
167.68167867,89.0,66.52525252525253
168.00568871,89.0,66.59274193548387
168.335545002,89.0,66.65995975855131
168.659369895,90.0,66.64658634538154
168.976617633,90.0,66.69338677354709
169.304473756,90.0,66.75999999999999
169.624879732,90.0,66.82634730538922
169.949541084,91.0,66.77290836653387
170.271203514,91.0,66.79920477137176
170.595398139,91.0,66.86507936507937
170.918590857,91.0,66.93069306930694
171.24815637,91.0,66.99604743083005
171.571422727,91.0,67.0611439842209
171.902373161,91.0,67.1259842519685
172.223409511,91.0,67.19056974459725
172.55235352,91.0,67.25490196078432
172.875992052,91.0,67.31898238747553
173.199176449,91.0,67.3828125
173.523151657,91.0,67.44639376218323
173.850827257,91.0,67.50972762645915
174.177325105,91.0,67.57281553398057
174.506710564,91.0,67.63565891472868
174.827777555,91.0,67.69825918762089
175.154894159,91.0,67.76061776061776
175.474928441,91.0,67.82273603082851
175.798561543,91.0,67.88461538461539
176.12548687,91.0,67.94625719769674
176.452705018,91.0,68.00766283524904
176.774319855,91.0,68.06883365200764
177.102903463,91.0,68.12977099236642
177.460528071,91.0,68.19047619047619
177.782425842,91.0,68.25095057034221
178.105538957,91.0,68.3111954459203
178.442774051,91.0,68.37121212121212
178.802300708,91.0,68.43100189035917
179.114069699,91.0,68.49056603773585
179.442727747,91.0,68.54990583804144
179.765878372,91.0,68.60902255639097
180.091356106,91.0,68.66791744840526
180.419620557,91.0,68.72659176029963
180.742904535,92.0,68.69158878504673
181.065282412,92.0,68.56343283582089
181.391387903,92.0,68.43575418994413
181.708335666,93.0,68.3085501858736
182.122225848,93.0,68.33024118738405
182.738951793,93.0,68.38888888888889
183.041903097,93.0,68.44731977818854
183.567462151,93.0,68.50553505535055
183.84708087,93.0,68.56353591160222
184.132977936,93.0,68.62132352941175
184.483514439,93.0,68.67889908256882
184.823108913,93.0,68.73626373626374
185.159479405,93.0,68.79341864716636
185.476218936,93.0,68.85036496350365
185.816457468,93.0,68.90710382513662
186.112882166,93.0,68.96363636363635
186.468534506,93.0,69.01996370235935
186.788777477,93.0,69.07608695652175
187.119177133,93.0,69.13200723327306
187.442585624,93.0,69.18772563176894
187.766386525,93.0,69.24324324324324
188.118636394,93.0,69.29856115107914
188.455014049,93.0,69.35368043087972
188.791864515,93.0,69.40860215053763
189.146018277,93.0,69.46332737030411
189.456067534,93.0,69.51785714285714
189.831416947,93.0,69.57219251336898
190.165467329,93.0,69.62633451957295
190.506333277,93.0,69.68028419182949
190.850541066,93.0,69.73404255319149
191.187818139,93.0,69.78761061946904
191.502910204,93.0,69.84098939929328
191.847194747,93.0,69.8941798941799
192.18883763,93.0,69.94718309859155
192.513310764,93.0,70.0
192.851203482,93.0,70.05263157894737
193.208356859,93.0,70.10507880910683
193.561234666,93.0,70.15734265734265
193.919405732,93.0,70.20942408376963
194.276199765,93.0,70.26132404181185
194.598920516,93.0,70.31304347826087
194.926464449,93.0,70.36458333333333
195.24819506,93.0,70.4159445407279
195.576907105,93.0,70.46712802768165
195.899476893,93.0,70.51813471502591
196.23054798,93.0,70.56896551724138
196.600021112,93.0,70.6196213425129
196.960546174,93.0,70.6701030927835
197.334673143,93.0,70.7204116638079
197.669847028,93.0,70.77054794520548
198.003537845,93.0,70.82051282051282
198.325145592,93.0,70.8703071672355
198.702560283,93.0,70.91993185689948
199.02703401,93.0,70.96938775510205
199.369243576,93.0,71.01867572156198
199.71416838,93.0,71.06779661016948
200.036718921,93.0,71.11675126903553
200.385728584,93.0,71.16554054054053
200.751291215,93.0,71.2141652613828
201.064633248,93.0,71.26262626262626
201.382313907,93.0,71.3109243697479
201.733972337,93.0,71.35906040268456
202.061284266,93.0,71.4070351758794
202.380724167,93.0,71.45484949832776
202.712678952,93.0,71.50250417362271
203.04742806,93.0,71.55
203.378789153,93.0,71.5973377703827
203.726785368,93.0,71.64451827242524
204.048538344,93.0,71.6915422885572
204.369696626,93.0,71.7384105960265
204.730762666,93.0,71.78512396694214
205.094307788,93.0,71.83168316831683
205.424797189,93.0,71.87808896210873
205.751177677,93.0,71.92434210526316
206.075453433,93.0,71.9704433497537
206.424693614,93.0,72.01639344262296
206.773084577,93.0,72.0621931260229
207.107517793,93.0,72.1078431372549
207.455880969,93.0,72.15334420880913
207.836434655,93.0,72.1986970684039
208.187456105,93.0,72.24390243902438
208.530171364,93.0,72.28896103896105
208.852862811,93.0,72.33387358184766
209.190978914,93.0,72.37864077669903
209.513173794,93.0,72.4232633279483
209.873834583,93.0,72.46774193548387
210.292746726,93.0,72.512077294686
210.582378195,93.0,72.55627009646302
210.949939506,93.0,72.60032102728732
211.306378043,93.0,72.64423076923077
211.65723874,93.0,72.688
212.007425497,93.0,72.73162939297124
212.331107485,93.0,72.77511961722489
212.667443553,93.0,72.81847133757961
213.01430529,93.0,72.86168521462639
213.343620553,93.0,72.90476190476191
213.778907787,93.0,72.94770206022187
214.116004308,93.0,72.99050632911393
214.449216415,93.0,73.03317535545024
214.818457708,93.0,73.0757097791798
215.111040237,93.0,73.11811023622047
215.465112341,93.0,73.16037735849056
215.81425156,93.0,73.20251177394034
216.160786907,93.0,73.24451410658307
216.492891042,93.0,73.28638497652582
216.838247441,93.0,73.328125
217.169285472,94.0,73.32293291731669
217.515828982,94.0,73.20872274143302
217.939967654,94.0,73.2348367029549
218.267602097,94.0,73.27639751552795
218.570639799,94.0,73.31782945736434
218.930801985,94.0,73.35913312693498
219.273392514,94.0,73.40030911901081
219.596652527,94.0,73.44135802469137
219.935798336,94.0,73.48228043143298
220.259113926,94.0,73.52307692307693
220.573197741,94.0,73.56374807987712
220.902352701,94.0,73.6042944785276
221.219289555,94.0,73.64471669218989
221.579135043,94.0,73.68501529051987
221.932603501,94.0,73.72519083969465
222.280625889,94.0,73.76524390243902
222.638619603,94.0,73.80517503805176
222.957717152,94.0,73.84498480243161
223.33377449,94.0,73.8846737481032
223.683039055,94.0,73.92424242424242
224.010980673,94.0,73.96369137670197
224.317856509,94.0,74.00302114803625
224.685060186,94.0,74.0422322775264
225.005636724,94.0,74.08132530120481
225.327774499,94.0,74.1203007518797
225.652090662,94.0,74.15915915915916
225.999547163,94.0,74.19790104947526
226.333924916,94.0,74.23652694610779
226.670388832,94.0,74.27503736920778
226.997933967,94.0,74.31343283582089
227.321015771,94.0,74.35171385991059
227.64733869,94.0,74.38988095238095
227.967696758,94.0,74.42793462109955
228.29395629,94.0,74.46587537091987
228.623508222,94.0,74.5037037037037
228.945641481,94.0,74.5414201183432
229.291140123,94.0,74.57902511078287
229.668340783,95.0,74.58702064896755
230.023140683,95.0,74.62444771723122
230.368053239,95.0,74.66176470588235
230.715475527,95.0,74.69897209985315
231.072648537,95.0,74.73607038123167
231.392326069,95.0,74.77306002928258
231.757506905,95.0,74.80994152046783
232.071020742,95.0,74.84671532846716
232.397856322,95.0,74.88338192419826
232.767095102,95.0,74.91994177583697
233.084501127,95.0,74.95639534883722
233.451588027,95.0,74.99274310595065
233.774683684,95.0,75.02898550724638
234.085850844,95.0,75.06512301013024
234.413036118,95.0,75.10115606936417
234.760755726,95.0,75.13708513708514
235.125288418,95.0,75.17291066282421
235.461354486,95.0,75.20863309352518
235.824101966,95.0,75.24425287356323
236.157881912,95.0,75.27977044476327
236.504287761,95.0,75.31518624641834
236.838748977,95.0,75.35050071530758
237.179313774,95.0,75.38571428571429
237.517645229,95.0,75.42082738944366
237.872314424,95.0,75.45584045584044
238.187048144,95.0,75.49075391180654
238.58070681,95.0,75.52556818181819
238.885569541,95.0,75.56028368794327
239.284183053,95.0,75.59490084985836
239.616340275,95.0,75.62942008486563
239.956320434,95.0,75.6638418079096
240.322661376,95.0,75.69816643159379
240.650267026,95.0,75.73239436619718
241.004932335,95.0,75.76652601969057
241.356809433,95.0,75.8005617977528
241.675022509,95.0,75.83450210378682
242.066832226,95.0,75.86834733893556
242.402156678,95.0,75.90209790209789
242.727949691,95.0,75.93575418994413
243.077346004,95.0,75.96931659693166
243.423008148,95.0,76.00278551532034
243.746374226,95.0,76.03616133518776
244.088467187,95.0,76.06944444444444
244.435123075,95.0,76.10263522884883
244.772006653,95.0,76.13573407202216
245.122404677,95.0,76.16874135546334
245.5067251,95.0,76.20165745856353
245.851190488,95.0,76.23448275862069
246.198423028,95.0,76.26721763085399
246.534116925,95.0,76.29986244841815
246.877012759,95.0,76.33241758241758
247.211494455,95.0,76.36488340192044
247.568897887,95.0,76.3972602739726
247.880173066,95.0,76.42954856361149
248.196389235,95.0,76.46174863387978
248.525425095,95.0,76.49386084583901
248.865456255,95.0,76.52588555858311
249.213603952,95.0,76.5578231292517
249.590568036,95.0,76.58967391304347
249.904797626,95.0,76.62143826322931
250.264064937,95.0,76.65311653116531
250.608690956,95.0,76.68470906630583
250.942250504,95.0,76.71621621621621
251.270801597,95.0,76.7476383265857
251.587662793,95.0,76.77897574123989
251.905904538,95.0,76.81022880215343
252.234631311,95.0,76.84139784946237
252.595573479,95.0,76.8724832214765
252.915762571,95.0,76.90348525469169
253.24013186,95.0,76.93440428380187
253.559056003,95.0,76.96524064171123
253.88456213,95.0,76.99599465954606
254.204765499,95.0,77.02666666666667
254.529522597,95.0,77.0572569906791
254.887397763,95.0,77.0877659574468
255.224901413,95.0,77.11819389110227
255.545225322,95.0,77.14854111405836
255.921111379,95.0,77.17880794701986
256.265523811,95.0,77.20899470899471
256.621301038,95.0,77.23910171730515
256.972263223,95.0,77.26912928759894
257.324283193,95.0,77.29907773386034
257.691441632,95.0,77.32894736842105
258.019710158,95.0,77.35873850197109
258.352137009,95.0,77.38845144356955
258.687662431,95.0,77.4180865006553
259.014516497,95.0,77.44764397905759
259.351170178,95.0,77.47712418300654
259.721347962,95.0,77.5065274151436
260.077771055,95.0,77.53585397653194
260.429901233,95.0,77.56510416666667
260.763027172,95.0,77.59427828348504
261.079410371,95.0,77.62337662337663
261.428065169,95.0,77.65239948119326
261.801890653,95.0,77.68134715025907
262.130300135,95.0,77.71021992238035
262.436116349,95.0,77.7390180878553
262.789172132,95.0,77.76774193548387
263.111878879,95.0,77.79639175257732
263.42700202,95.0,77.82496782496783
263.757858222,95.0,77.85347043701799
264.10550337,95.0,77.8818998716303
264.473697724,95.0,77.91025641025641
264.806827789,95.0,77.93854033290653
265.134326379,95.0,77.96675191815858
265.490086609,95.0,77.9948914431673
265.828756799,95.0,78.02295918367346
266.127756837,95.0,78.05095541401273
266.445989013,95.0,78.07888040712469
266.80320931,95.0,78.10673443456163
267.131669075,95.0,78.13451776649745
267.465119071,95.0,78.16223067173638
267.78594884,95.0,78.18987341772153
268.125646608,95.0,78.2174462705436
268.442765855,95.0,78.2449494949495
268.774707867,95.0,78.27238335435057
269.135492397,95.0,78.29974811083123
269.482127611,95.0,78.32704402515724
269.802929192,95.0,78.35427135678393
270.12646113,95.0,78.3814303638645
270.488037779,95.0,78.40852130325815
270.820954541,95.0,78.43554443053817
271.155782121,96.0,78.45
271.545447121,96.0,78.35205992509363
271.867103618,96.0,78.25436408977556
272.244837825,96.0,78.1942714819427
272.556799795,96.0,78.22139303482587
272.919758546,96.0,78.24844720496894
273.254375664,96.0,78.27543424317618
273.639965916,96.0,78.30235439900868
273.954422268,96.0,78.32920792079207
274.290591925,96.0,78.35599505562423
274.603191176,96.0,78.38271604938272
274.956402252,96.0,78.40937114673243
275.279823963,96.0,78.435960591133
275.586851865,96.0,78.46248462484625
275.940812703,96.0,78.48894348894349
276.252348102,96.0,78.51533742331289
276.58337484,96.0,78.54166666666667
276.917270165,96.0,78.56793145654835
277.277558284,96.0,78.59413202933986
277.626881653,96.0,78.62026862026862
277.964309655,96.0,78.64634146341464
278.286783412,96.0,78.67235079171742
278.619863146,96.0,78.69829683698298
278.944224539,96.0,78.72417982989064
279.288777718,96.0,78.75
279.663676492,96.0,78.77575757575758
279.995230377,96.0,78.80145278450364
280.311421675,96.0,78.82708585247885
280.671377437,96.0,78.85265700483092
281.020279382,96.0,78.87816646562123
281.330189898,96.0,78.90361445783132
281.683463648,96.0,78.92900120336944
282.010715999,96.0,78.95432692307692
282.347686308,96.0,78.9795918367347
282.706169854,96.0,79.00479616306954
283.079715781,96.0,79.02994011976048
283.46478255,96.0,79.05502392344498
283.75161694,96.0,79.0800477897252
284.101987957,96.0,79.10501193317423
284.425229441,96.0,79.12991656734208
284.76483695,96.0,79.15476190476191
285.105231301,96.0,79.179548156956
285.44301436,96.0,79.2042755344418
285.783262441,96.0,79.22894424673784
286.108558052,96.0,79.25355450236967
286.435270449,96.0,79.27810650887574
286.778361119,96.0,79.30260047281324
287.120313218,96.0,79.32703659976387
287.470320366,96.0,79.35141509433963
287.814917874,96.0,79.37573616018845
288.180518436,96.0,79.4
288.552753771,96.0,79.42420681551117
288.897279453,96.0,79.44835680751173
289.233596693,96.0,79.47245017584994
289.564643834,96.0,79.49648711943794
289.881836372,96.0,79.52046783625731
290.220368489,96.0,79.54439252336448
290.599045079,96.0,79.56826137689616
290.932319538,96.0,79.5920745920746
291.268514942,96.0,79.61583236321303
291.648245363,96.0,79.63953488372093
291.965163049,96.0,79.66318234610917
292.321883635,96.0,79.68677494199537
292.715438216,96.0,79.71031286210892
293.028069611,96.0,79.7337962962963
293.370013961,96.0,79.75722543352602
293.703316685,96.0,79.78060046189377
294.042898542,96.0,79.80392156862746
294.356825495,96.0,79.82718894009217
294.716190162,96.0,79.85040276179517
295.029837775,96.0,79.87356321839081
295.355850352,96.0,79.89667049368542
295.777801676,96.0,79.9197247706422
296.083639922,96.0,79.94272623138603
296.436450352,96.0,79.96567505720824
296.792692036,96.0,79.98857142857143
297.129697513,96.0,80.01141552511416
297.463316669,96.0,80.03420752565565
297.818772585,96.0,80.05694760820046
298.204219528,96.0,80.07963594994311
298.606475303,96.0,80.10227272727273
298.905336087,96.0,80.12485811577753
299.301288412,96.0,80.14739229024943
299.634436173,96.0,80.16987542468857
299.953626234,96.0,80.1923076923077
300.272393969,96.0,80.21468926553672
300.605754131,96.0,80.23702031602708
300.898895305,96.0,80.25930101465615
301.261502503,96.0,80.28153153153154
301.606557905,96.0,80.3037120359955
301.949581877,96.0,80.32584269662921
302.286642418,96.0,80.34792368125702
302.631937009,96.0,80.36995515695067
302.979340378,96.0,80.3919372900336
303.32992809,96.0,80.41387024608501
303.687054074,96.0,80.43575418994413
304.000919747,96.0,80.45758928571428
304.364334323,96.0,80.479375696767
304.665943453,96.0,80.5011135857461
305.030587393,96.0,80.52280311457174
305.377387842,96.0,80.54444444444444
305.747341217,96.0,80.56603773584906
306.073620468,96.0,80.58758314855876
306.404956923,96.0,80.60908084163898
306.742477422,96.0,80.63053097345133
307.08329546,96.0,80.65193370165747
307.464943998,96.0,80.67328918322296
307.825124239,96.0,80.69459757442117
308.16303402,96.0,80.715859030837
308.514160632,96.0,80.73707370737073
308.826182023,96.0,80.75824175824175
309.15481004,96.0,80.77936333699232
309.481424277,96.0,80.80043859649123
309.810462869,96.0,80.82146768893756
310.170714315,96.0,80.84245076586434
310.515915452,96.0,80.86338797814207
310.87043122,96.0,80.88427947598254
311.173754766,97.0,80.86150490730644
311.582336324,97.0,80.77342047930284
311.974187698,97.0,80.69640914036997
312.291506611,97.0,80.71739130434783
312.61899765,97.0,80.73832790445168
312.959497534,97.0,80.7592190889371
313.315332483,97.0,80.78006500541713
313.646110373,97.0,80.8008658008658
313.974207416,97.0,80.82162162162162
314.310645685,97.0,80.84233261339094
314.634206072,97.0,80.86299892125135
314.978564813,97.0,80.88362068965517
315.380457319,97.0,80.90419806243273
315.713964557,97.0,80.9247311827957
316.066952697,97.0,80.94522019334049
316.411920828,97.0,80.96566523605149
316.76109283,97.0,80.9860664523044
317.111081281,97.0,81.00642398286938
317.465413253,97.0,81.02673796791444
317.820968699,97.0,81.04700854700855
318.17914742,97.0,81.06723585912486
318.499579481,97.0,81.08742004264393
318.854585589,97.0,81.10756123535677
319.229159884,97.0,81.12765957446808
319.595380625,97.0,81.14771519659936
319.94895188,97.0,81.16772823779193
320.339098679,97.0,81.18769883351007
320.701857469,97.0,81.20762711864407
321.041495899,97.0,81.22751322751323
321.383659829,97.0,81.24735729386893
321.790316354,97.0,81.26715945089758
322.130988203,97.0,81.28691983122363
322.487197107,97.0,81.30663856691254
322.794076613,97.0,81.32631578947368
323.146260848,97.0,81.3459516298633
323.485963045,97.0,81.3655462184874
323.815367264,97.0,81.38509968520462
324.147291469,97.0,81.40461215932913
324.464222834,97.0,81.4240837696335
324.821072504,97.0,81.44351464435147
325.185349018,97.0,81.46290491118077
325.583790545,97.0,81.48225469728601
325.92334411,97.0,81.50156412930136
326.25044112,97.0,81.52083333333333
326.569084591,97.0,81.54006243496357
326.912852932,97.0,81.55925155925155
327.224108774,97.0,81.57840083073728
327.566604317,97.0,81.59751037344398
327.881388842,97.0,81.61658031088082
328.234222271,97.0,81.63561076604555
328.583439741,97.0,81.6546018614271
328.91529211,97.0,81.67355371900827
329.252676601,97.0,81.69246646026832
329.60540442,97.0,81.71134020618557
329.962838096,97.0,81.73017507723996
330.325420231,97.0,81.74897119341564
330.654085792,97.0,81.7677286742035
331.021677551,97.0,81.7864476386037
331.364071548,97.0,81.80512820512821
331.667223698,97.0,81.82377049180329
332.003588998,97.0,81.84237461617195
332.342865024,97.0,81.86094069529652
332.719659346,97.0,81.87946884576098
333.050360534,97.0,81.89795918367348
333.425907704,97.0,81.9164118246687
333.700370532,97.0,81.93482688391039
334.023514464,97.0,81.95320447609359
334.360897168,97.0,81.97154471544715
334.687588989,97.0,81.98984771573605
335.010636769,97.0,82.00811359026369
335.330250002,97.0,82.02634245187437
335.649807963,97.0,82.04453441295546
335.977213451,97.0,82.06268958543984
336.298180207,97.0,82.08080808080808
336.622066199,97.0,82.09889001009081
336.950057659,97.0,82.11693548387096
337.273583724,97.0,82.13494461228599
337.619575613,97.0,82.15291750503017
337.91454921,97.0,82.17085427135679
338.257657198,97.0,82.18875502008032
338.560187799,97.0,82.20661985957874
338.911762748,97.0,82.22444889779558
339.213151475,97.0,82.24224224224224
339.536845313,97.0,82.26
339.859809058,97.0,82.27772227772228
340.184804646,97.0,82.29540918163673
340.519515998,97.0,82.31306081754735
340.827310305,97.0,82.33067729083665
341.181376334,97.0,82.34825870646766
341.515923173,97.0,82.36580516898609
341.859825317,97.0,82.38331678252234
342.169552327,97.0,82.40079365079364
342.491947762,97.0,82.41823587710606
342.814783346,97.0,82.43564356435643
343.144092895,97.0,82.45301681503462
343.47557951,97.0,82.4703557312253
343.790259539,97.0,82.48766041461006
344.111263978,97.0,82.50493096646943
344.441573858,97.0,82.52216748768473
344.773383784,97.0,82.53937007874016
345.095758217,97.0,82.55653883972468
345.414663223,97.0,82.57367387033399
345.74453707,97.0,82.59077526987242
346.072096036,97.0,82.6078431372549
346.392886859,97.0,82.62487757100881
346.711222163,97.0,82.64187866927593
347.042261682,97.0,82.65884652981427
347.3643631,97.0,82.67578125
347.70935599,97.0,82.69268292682926
348.041778853,97.0,82.70955165692008
348.369486641,97.0,82.72638753651412
348.664371878,97.0,82.7431906614786
348.981207321,97.0,82.69193391642371
349.31069085,97.0,82.6116504854369
349.662497704,97.0,82.6188166828322
350.017533076,97.0,82.63565891472868
350.346174048,97.0,82.65246853823814
350.66533439,97.0,82.66924564796905
350.996955179,97.0,82.68599033816425
351.305145299,97.0,82.70270270270271
351.628335103,97.0,82.71938283510126
351.950847479,97.0,82.73603082851638
352.276409257,97.0,82.7526467757459
352.6024189,97.0,82.76923076923077
352.931048304,97.0,82.78578290105668
353.248144475,97.0,82.80230326295586
353.577124868,97.0,82.81879194630872
353.894287515,97.0,82.83524904214559
354.216270518,97.0,82.85167464114832
354.545160906,97.0,82.868068833652
354.874047728,97.0,82.8844317096466
355.196677577,97.0,82.90076335877863
355.515667678,97.0,82.91706387035272
355.844082749,97.0,82.93333333333334
356.174235441,97.0,82.94957183634634
356.494313447,97.0,82.9657794676806
356.843053155,97.0,82.98195631528965
357.145923216,97.0,82.99810246679317
357.460800429,97.0,83.01421800947867
357.789810393,97.0,83.03030303030303
358.116918443,97.0,83.04635761589404
358.444928918,97.0,83.06238185255198
358.775642997,97.0,83.07837582625119
359.107045178,97.0,83.09433962264151
359.423637849,97.0,83.11027332704995
359.756922725,97.0,83.1261770244821
360.080448203,97.0,83.1420507996237
360.405185209,97.0,83.15789473684211
360.725408292,97.0,83.17370892018779
361.056456233,97.0,83.18949343339587
361.382668087,97.0,83.20524835988753
361.707548653,97.0,83.22097378277154
